A,Title,Authors,Journal,Conference,Patent,Year,Link,Important
,Sensor Fusion by Spatial Encoding for Autonomous Driving,"Quoc-Vinh Lai-Dang, Jihui Lee, Bumgeun Park, Dongsoo Har",,2023 IEEE SENSORS,,2023,https://ieeexplore.ieee.org/abstract/document/10324977/,yes
,Anomaly detection of smart metering system for power management with battery storage system/electric vehicle,"Sangkeum Lee, Sarvar Hussain Nengroo, Hojun Jin, Yoonmee Doh, Chungho Lee, Taewook Heo, Dongsoo Har",ETRI Journal,,,2023,https://onlinelibrary.wiley.com/doi/abs/10.4218/etrij.2022-0135,yes
,Off-Policy Reinforcement Learning with Loss Function Weighted by Temporal Difference Error,"Bumgeun Park, Taeyoung Kim, Woohyeon Moon, Sarvar Hussain Nengroo, Dongsoo Har",,2023 International Conference on Intelligent Computing,,2023,https://link.springer.com/chapter/10.1007/978-981-99-4761-4_51,yes
,Power management in smart residential building with deep learning model for occupancy detection by usage pattern of electric appliances,"Sangkeum Lee, Sarvar Hussain Nengroo, Hojun Jin, Yoonmee Doh, Chungho Lee, Taewook Heo, Dongsoo Har",,IECC '23: Proceedings of the 2023 5th International Electronics Communication Conference,,2023,https://dl.acm.org/doi/abs/10.1145/3616480.3616492,
,P2P Power Trading of Nanogrids for Power Management in Consideration of Battery Lifetime of ESS,"Hojun Jin, Sangkeum Lee, Sarvar Hussain Nengroo, Gijang Ahn, Yong-June Chang, Dongsoo Har",Energy and Buildings,,,2023,https://www.sciencedirect.com/science/article/pii/S0378778823005200,
,Factory Energy Management by Steam Energy Cluster Modeling in Paper-Making,"Sangkeum Lee, Sarvar Hussain Nengroo, Yeonji Jung, Seonhyeog Kim, Soonhyun Kwon, Youngmee Shin, Joahyoung Lee, Yoonmee Doh, Taewook Heo, Dongsoo Har",,2023 11th International Conference on Smart Grid (icSmartGrid),,2023,https://ieeexplore.ieee.org/abstract/document/10171060/,
,Sensing accident-prone features in urban scenes for proactive driving and accident prevention,"Sumit Mishra, Praveen Kumar Rajendran, Luiz Felipe Vecchietti, Dongsoo Har",IEEE Transactions on Intelligent Transportation Systems,,,2023,https://ieeexplore.ieee.org/abstract/document/10120605/,
,Reinforcement Learning for Predicting Traffic Accidents,"Injoon Cho, Praveen Kumar Rajendran, Taeyoung Kim, Dongsoo Har",,2023 International Conference on Artificial Intelligence in Information and Communication (ICAIIC),,2023,https://ieeexplore.ieee.org/abstract/document/10067034/,
,Kick-motion Training with DQN in AI Soccer Environment,"Bumgeun Park, Jihui Lee, Taeyoung Kim, Dongsoo Har",,2023 International Conference on Artificial Intelligence in Information and Communication (ICAIIC),,2023,https://ieeexplore.ieee.org/abstract/document/10067011/,
,Path planning of cleaning robot with reinforcement learning,"Woohyeon Moon, Bumgeun Park, Sarvar Hussain Nengroo, Taeyoung Kim, Dongsoo Har",,2022 IEEE International Symposium on Robotic and Sensors Environments (ROSE),,2022,https://ieeexplore.ieee.org/abstract/document/9977430/,
,RelMobNet: End-to-end relative camera pose estimation using a robust two-stage training,"Praveen Kumar Rajendran, Sumit Mishra, Luiz Felipe Vecchietti, Dongsoo Har",,2022 European Conference on Computer Vision,,2022,https://link.springer.com/chapter/10.1007/978-3-031-25075-0_18,
,Special issue on advanced wireless sensor networks for emerging applications,"Hojun Jin, Sarvar Hussain Nengroo, Inhwan Kim, Dongsoo Har",Applied Sciences,,,2022,https://www.mdpi.com/2076-3417/12/14/7315/htm,
,Special Issue on Future Intelligent Transportation System (ITS) for Tomorrow and Beyond,"Sarvar Hussain Nengroo, Hojun Jin, Inhwan Kim, Dongsoo Har",Applied Sciences,,,2022,https://www.mdpi.com/2076-3417/12/12/5994,
,Development of charging/discharging scheduling algorithm for economical and energy-efficient operation of multi-EV charging station,"Hojun Jin, Sangkeum Lee, Sarvar Hussain Nengroo, Dongsoo Har",Applied Sciences,,,2022,https://www.mdpi.com/2076-3417/12/9/4786,
,Smart Metering System Capable of Anomaly Detection by Bi-directional LSTM Autoencoder,"Sangkeum Lee, Hojun Jin, Sarvar Hussain Nengroo, Yoonmee Doh, Chungho Lee, Taewook Heo, Dongsoo Har",,2022 IEEE International Conference on Consumer Electronics (ICCE),,2022,https://ieeexplore.ieee.org/abstract/document/9730398/,
,RELMOBNET: A Robust Two-Stage End-To-End Training Approach For MOBILENETV3 Based Relative Camera Pose Estimation.,"Praveen Kumar Rajendran, Sumit Mishra, Luiz Felipe Vecchietti, Dongsoo Har",CoRR,,,2022,https://scholar.google.com/scholar?cluster=6028210874741028069&hl=en&oi=scholarr,
,Socially acceptable route planning and trajectory behavior analysis of personal mobility device for mobility management with improved sensing,"Sumit Mishra, Praveen Kumar Rajendran, Dongsoo Har",,2021 International Conference on Robot Intelligence Technology and Applications,,2021,https://link.springer.com/chapter/10.1007/978-3-030-97672-9_6,
,P2P Power Trading between Nanogrid Clusters Exploiting Electric Vehicles and Renewable Energy Sources,"Sangkeum Lee, Hojun Jin, Sarvar Hussain Nengroo, Dongsoo Har",,2021 International Conference on Computational Science and Computational Intelligence (CSCI),,2021,https://ieeexplore.ieee.org/abstract/document/9799005/,
,Reinforcement learning for navigation of mobile robot with LiDAR,"Inhwan Kim, Sarvar Hussain Nengroo, Dongsoo Har",,"2021 5th International Conference on Electronics, Communication and Aerospace Technology (ICECA)",,2021,https://ieeexplore.ieee.org/abstract/document/9675949/,
,Cooperative decentralized peer-to-peer electricity trading of nanogrid clusters based on predictions of load demand and PV power generation using a gated recurrent unit model,"Sangkeum Lee, Hojun Jin, Luiz Felipe Vecchietti, Junhee Hong, Ki-Bum Park, Dongsoo Har",IET Renewable Power Generation,,,2021,https://ietresearch.onlinelibrary.wiley.com/doi/abs/10.1049/rpg2.12195,
,Power Management of Microgrid Integrated with Electric Vehicles in Residential Parking Station,"Hojun Jin, Sarvar Hussain Nengroo, Sangkeum Lee, Dongsoo Har",,2021 10th International Conference on Renewable Energy Research and Application (ICRERA),,2021,https://ieeexplore.ieee.org/abstract/document/9598765/,
,Two-stage training algorithm for AI robot soccer,"Taeyoung Kim, Luiz Felipe Vecchietti, Kyujin Choi, Sanem Sariel, Dongsoo Har",PeerJ Computer Science,,,2021,https://peerj.com/articles/cs-718/,
,AI world cup: robot-soccer-based competitions,"Chansol Hong, Inbae Jeong, Luiz Felipe Vecchietti, Dongsoo Har, Jong-Hwan Kim",IEEE Transactions on Games,,,2021,https://ieeexplore.ieee.org/abstract/document/9376289/,
,Pose estimation utilizing a gated recurrent unit network for visual localization,"Sungkwan Kim, Inhwan Kim, Luiz Felipe Vecchietti, Dongsoo Har",Applied Sciences,,,2020,https://www.mdpi.com/2076-3417/10/24/8876,
,Machine learning for advanced wireless sensor networks: A review,"Taeyoung Kim, Luiz Felipe Vecchietti, Kyujin Choi, Sangkeum Lee, Dongsoo Har",IEEE Sensors Journal,,,2020,https://ieeexplore.ieee.org/abstract/document/9248049/,
,Short-term predictive power management of PV-powered nanogrids,"Sangkeum Lee, Hojun Jin, Luiz Felipe Vecchietti, Junhee Hong, Dongsoo Har",IEEE Access,,,2020,https://ieeexplore.ieee.org/abstract/document/9163118/,
,Batch prioritization in multigoal reinforcement learning,"Luiz Felipe Vecchietti, Taeyoung Kim, Kyujin Choi, Junhee Hong, Dongsoo Har",IEEE Access,,,2020,https://ieeexplore.ieee.org/abstract/document/9149884/,
,Sampling rate decay in hindsight experience replay for robot control,"Luiz Felipe Vecchietti, Minah Seo, Dongsoo Har",IEEE Transactions on Cybernetics,,,2020,https://ieeexplore.ieee.org/abstract/document/9098063/,
,Tri-copter UAV with individually tilted main wings for flight maneuvers,"Kyung-Jae Nam, Joosang Joung, Dongsoo Har",IEEE Access,,,2020,https://ieeexplore.ieee.org/abstract/document/9025076/,
,Power management by LSTM network for nanogrids,"Sangkeum Lee, Luiz Felipe Vecchietti, Hojun Jin, Junhee Hong, Dongsoo Har",IEEE Access,,,2020,https://ieeexplore.ieee.org/abstract/document/8970319/,
,Optimal Link Scheduling Based on Attributes of Nodes in 6TiSCH Wireless Networks,"Sangkeum Lee, Dongsoo Har, Luiz Felipe Vecchietti, Junhee Hong, Hoi-Jeong Lim",한국정보기술학회논문지,,,2020,http://ki-it.com/xml/22699/22699.pdf,
,Optimal path planning of automated guided vehicle using dijkstra algorithm under dynamic conditions,"Sungkwan Kim, Hojun Jin, Minah Seo, Dongsoo Har",,2019 7th International Conference on Robot Intelligence Technology and Applications (RiTA),,2019,https://ieeexplore.ieee.org/abstract/document/8932804/,
,"Aerial vehicle capable of vertical take-off and landing, vertical and horizontal flight and on-air energy generation","DS Har, SM Lee",,,US Patent,2019,https://patents.google.com/patent/US10392107B2/en,
,Rewards prediction-based credit assignment for reinforcement learning with sparse binary rewards,"Minah Seo, Luiz Felipe Vecchietti, Sangkeum Lee, Dongsoo Har",IEEE Access,,,2019,https://ieeexplore.ieee.org/abstract/document/8809762/,
,Synchronization of frequency hopping by LSTM network for satellite communication system,"Sangkeum Lee, Suil Kim, Minah Seo, Dongsoo Har",IEEE Communications Letters,,,2019,https://ieeexplore.ieee.org/abstract/document/8805137/,
,"Aircraft capable of vertical take-off and landing, vertical and horizontal flight and on-air energy generation","DS Har, C Moraes, D Kim",,,US Patent,2019,https://patents.google.com/patent/US10370082B2/en,
,Optimal power management for nanogrids based on technical information of electric appliances,"Sangkeum Lee, Junho Lee, Heedae Jung, Jintae Cho, Junhee Hong, Sangmin Lee, Dongsoo Har",Energy and Buildings,,,2019,https://www.sciencedirect.com/science/article/pii/S0378778818323168,
,Ferrite position identification system operating with wireless power transfer for intelligent train position detection,"Karam Hwang, Jaeyong Cho, Jaehyoung Park, Dongsoo Har, Seungyoung Ahn",IEEE Transactions on Intelligent Transportation Systems,,,2018,https://ieeexplore.ieee.org/abstract/document/8294045/,
,Performance Analysis of a Cognitive Radio Network With an Energy Harvesting Secondary Transmitter Under Nakagami- Fading,"Binh Van Nguyen, Hyoyoung Jung, Dongsoo Har, Kiseon Kim",IEEE Access,,,2018,https://ieeexplore.ieee.org/abstract/document/8253442/,
,Operation optimization with jointly controlled modules powered by hybrid energy source: A case study of desalination,"Sangkeum Lee, Hong-Yeon Cho, Dongsoo Har",Renewable and Sustainable Energy Reviews,,,2018,https://www.sciencedirect.com/science/article/pii/S1364032117312182,
,Pickup coil counter for detecting the presence of trains operated by wireless power transfer,"Karam Hwang, Dongwook Kim, Dongsoo Har, Seungyoung Ahn",IEEE Sensors Journal,,,2017,https://ieeexplore.ieee.org/abstract/document/8047090/,
,Radio frequency energy harvesting for wireless sensor networks,"Dongsoo Har, Seungwook Min, Todor Mladenov, Pham Ngoc Son",International Journal of Distributed Sensor Networks,,,2017,https://journals.sagepub.com/doi/full/10.1177/1550147717712838,
,Optimal power allocation of relay sensor node capable of energy harvesting in cooperative cognitive radio network,"Pham Ngoc Son, Dongsoo Har, Nam Ik Cho, Hyung Yun Kong",Sensors,,,2017,https://www.mdpi.com/1424-8220/17/3/648,
,Distributed sensor nodes charged by mobile charger with directional antenna and by energy trading for balancing,"Celso Moraes, Sunghee Myung, Sangkeum Lee, Dongsoo Har",Sensors,,,2017,https://www.mdpi.com/1424-8220/17/1/122,
,Jointly optimized control for reverse osmosis desalination process with different types of energy resource,"Sangkeum Lee, Junhee Hong, Dongsoo Har",Energy,,,2016,https://www.sciencedirect.com/science/article/pii/S0360544216315067,
,Charging wireless rechargeable sensor networks deployed in a rectangular street grid,"Sunghee Myung, Sangkeum Lee, Celso Moraes, Dongsoo Har",,2016 3rd Asia-Pacific World Congress on Computer Science and Engineering (APWC on CSE),,2016,https://ieeexplore.ieee.org/abstract/document/7941954/,
,Drone-assisted disaster management: Finding victims via infrared camera and lidar sensor fusion,"Seoungjun Lee, Dongsoo Har, Dongsuk Kum",,2016 3rd Asia-Pacific World Congress on Computer Science and Engineering (APWC on CSE),,2016,https://ieeexplore.ieee.org/abstract/document/7941945/,
,Charging distributed sensor nodes exploiting clustering and energy trading,"Celso Moraes, Dongsoo Har",IEEE Sensors Journal,,,2016,https://ieeexplore.ieee.org/abstract/document/7744535/,
,Reverse osmosis desalination process optimized for maximum permeate production with renewable energy,"Sangkeum Lee, Sunghee Myung, Junhee Hong, Dongsoo Har",Desalination,,,2016,https://www.sciencedirect.com/science/article/pii/S0011916416308566,
,Smart water grid: desalination water management platform,"Junhee Hong, Wanhee Lee, Joon Ha Kim, Jongwook Kim, Ieryung Park, Dongsoo Har",Desalination and Water Treatment,,,2016,https://www.tandfonline.com/doi/abs/10.1080/19443994.2014.982960,
,Energy-Efficient Infrastructure Sensor Network for Ad Hoc Cognitive Radio Network,"Muhammad Usman, Dongsoo Har, Insoo Koo",IEEE Sensors Journal,,,2016,https://ieeexplore.ieee.org/abstract/document/7376998/,
,Desalination process in microgrid based management platform,"Jongwook Kim, Hyun-Gyu Ryu, Junhee Hong, Dongsoo Har",,2015 IEEE Region 10 Humanitarian Technology Conference (R10-HTC),,2015,https://ieeexplore.ieee.org/abstract/document/7391853/,
,Data transmission with reduced delay for distributed acoustic sensors,"Hyun-Gyu Ryu, Sang-Keum Lee, Dongsoo Har",International Journal of Distributed Sensor Networks,,,2015,https://journals.sagepub.com/doi/abs/10.1155/2015/247612,
,Improved efficiency of wireless power transfer by tilting coils for wireless data communication,"Hyun-Gyu Ryu, Dongsoo Har",,2015 International EURASIP Workshop on RFID Technology (EURFID),,2015,https://ieeexplore.ieee.org/abstract/document/7332394/,
,Wireless power transfer for high-precision position detection of railroad vehicles,"Hyun-Gyu Ryu, Dongsoo Har",,"2015 IEEE Power, Communication and Information Technology Conference (PCITC)",,2015,https://ieeexplore.ieee.org/abstract/document/7438069/,
,WITHDRAWN: Beam propagation analysis on thickness measurements in quantitative phase microscopy,"Yoon-Sung Bae, Jong-In Song, Dongsoo Har, Dug Young Kim",Optik-International Journal for Light and Electron Optics,,,2015,https://www.sciencedirect.com/science/article/pii/S0030402615010505,
,Beam propagation analysis on thickness measurements in quantitative phase microscopy,"Yoon-Sung Bae, Jong-In Song, Dongsoo Har, Dug Young Kim",Optical Review,,,2015,https://link.springer.com/article/10.1007/s10043-015-0112-7,
,Large step-phase measurement by a reduced-phase triple-illumination interferometer,"Behnam Tayebi, Mohammad Reza Jafarfard, Farnaz Sharif, Young Sik Song, Dongsoo Har, Dug Young Kim",Optics Express,,,2015,https://opg.optica.org/abstract.cfm?uri=oe-23-9-11264,
,Per-node throughput enhancement in Wi-Fi densenets,"Kyungseop Shin, Ieryung Park, Junhee Hong, Dongsoo Har, Dong-ho Cho",IEEE Communications Magazine,,,2015,https://ieeexplore.ieee.org/abstract/document/7010524/,
,Smart power allocation for secrecy transmission in reciprocally cooperative spectrum sharing,"Pham Ngoc Son, Dongsoo Har, Hyung Yun Kong",IEEE Transactions on Vehicular Technology,,,2015,https://ieeexplore.ieee.org/abstract/document/7001273/,
,MAC Achieving Low Latency and Energy Efficiency in Hierarchical M2M Networks with Clustered Nodes,"Ieryung Park, Dohyun Kim, Dongsoo Har","Sensors Journal, IEEE, vol. PP",,,2015,https://ieeexplore.ieee.org/abstract/document/6937059/,
,Joint power allocation for energy harvesting and power superposition coding in cooperative spectrum sharing,"Pham Ngoc Son, Dongsoo Har, Hyung Yun Kong",Computing Research Repository,,,2015,https://scholar.google.com/scholar?cluster=9695979778495539577&hl=en&oi=scholarr,
,Pilot-assisted data recovery for OFDM systems with blind selected mapping scheme and space-frequency block coding,"Jihan Park, Eonpyo Hong, Hyunju Kim, Kiseon Kim, Dongsoo Har",Digital Signal Processing,,,2013,https://www.sciencedirect.com/science/article/pii/S1051200413001450,
,Pilot-aided side information detection in SLM-based OFDM systems,"Eonpyo Hong, Hyunju Kim, Kyeongcheol Yang, Dongsoo Har",IEEE Transactions on Wireless Communications,,,2013,https://ieeexplore.ieee.org/abstract/document/6547813/,
,Evaluation of the low error-rate performance of LDPC codes over Rayleigh fading channels using importance sampling,"Seok-Ki Ahn, Kyeongcheol Yang, Dongsoo Har",IEEE transactions on communications,,,2013,https://ieeexplore.ieee.org/abstract/document/6502175/,
,Micro-processor,"P le-Ryung, DS Har, Y Zafar",,,US Patent,2012,https://patents.google.com/patent/US8271820B2/en,
,OFDM system and data transmission method therefor,"DS Har, EP Hong, Lee Jong-Yeop",,,US Patent,2012,https://patents.google.com/patent/US8223860B2/en,
,Efficient joint source-channel decoding of multi-state Markov sequences,"H Kim, Dongsoo Har, Z-H Mao, Mingui Sun, H-N Lee",IET communications,,,2012,https://digital-library.theiet.org/content/journals/10.1049/iet-com.2011.0840,
,Efficient implementation of channel coding and interleaver for Digital Video Broadcasting (DVB-T2) on FPGA,"Syed Abdul Baqi Shah, Saeid Nooshabadi, Dong Soo Har",,2012 IEEE 16th International Symposium on Consumer Electronics,,2012,https://ieeexplore.ieee.org/abstract/document/6241749/,
,Frequency symbol spreading based adaptive subcarrier block selection for OFDMA system,"Chang-Jun Ahn, Dongsoo Har, Tatsuya Omori, Ken-ya Hashimoto",Digital Signal Processing,,,2012,https://www.sciencedirect.com/science/article/pii/S1051200411001977,
,Spectrum sensing by parallel pairs of cross-correlators and comb filters for OFDM systems with pilot tones,"Eonpyo Hong, Kiseon Kim, Dongsoo Har",IEEE Sensors Journal,,,2012,https://ieeexplore.ieee.org/abstract/document/6156736/,
,Adaptive phase rotation of OFDM signals for PAPR reduction,"Eonpyo Hong, Youngin Park, Sangchae Lim, Dongsoo Har",IEEE Transactions on Consumer Electronics,,,2011,https://ieeexplore.ieee.org/abstract/document/6131116/,
,Implementation of FPGA-based DVB-T2 modulator with multiple PLPs,"Sangchae Lim, Youngin Park, Eonpyo Hong, Dongsoo Har",,2011 11th International Symposium on Communications & Information Technologies (ISCIT),,2011,https://ieeexplore.ieee.org/abstract/document/6092187/,
,A Visual Signal Reliability for Robust Audio-Visual Speaker Identification,"Md Tariquzzaman, Jin Young Kim, Seung You Na, Hyoung-Gook Kim, Dongsoo Har",IEICE TRANSACTIONS on Information and Systems,,,2011,https://search.ieice.org/bin/summary.php?id=e94-d_10_2052,
,Adaptive All-Pass Filter Achieving Low Peak-to-Average Power Ratio for OFDM Systems,"Eonpyo Hong, Dongsoo Har",IEEE transactions on vehicular technology,,,2011,https://ieeexplore.ieee.org/abstract/document/6017141/,
,Peak-to-average power ratio reduction for MISO OFDM systems with adaptive all-pass filters,"Eonpyo Hong, Dongsoo Har",IEEE transactions on wireless communications,,,2011,https://ieeexplore.ieee.org/abstract/document/5995296/,
,Low Complexity data decoding for SLM-based OFDM systems without side information,"J Park, E Hong,  DS Har",IEEE Communications Letters,,,2011,https://ieeexplore.ieee.org/abstract/document/5755142/,
,A pilot symbol pattern enabling data recovery without side information in PTS-based OFDM systems,"Hyunju Kim, Eonpyo Hong, Changjun Ahn, Dongsoo Har",IEEE Transactions on Broadcasting,,,2011,https://ieeexplore.ieee.org/abstract/document/5710011/,
,PAPR reduction by a single adaptive all-pass filter for OFDM systems,"Eonpyo Hong, Hyunju Kim, Dongsoo Har",IEICE Electronics Express,,,2011,https://www.jstage.jst.go.jp/article/elex/8/19/8_19_1633/_article/-char/ja/,
,Efficient phase sequence generation for SLM scheme without side information,"Hyunju Kim, Eonpyo Hong, Changjun Ahn, Dongsoo Har",IEICE Electronics Express,,,2011,https://www.jstage.jst.go.jp/article/elex/8/17/8_17_1393/_article/-char/ja/,
,Power-on reset circuit,"DS Har, Y Zafar",,,US Patent,2010,https://patents.google.com/patent/US7816956B2/en,
,A fast intra prediction mode decision method based on high correlation of video sequences,"Jihan Park, Yongwook Jeon, Dongsoo Har",,2010 IEEE International Conference on Industrial Technology,,2010,https://ieeexplore.ieee.org/abstract/document/5472671/,
,Random clocking induced DPA attack immunity in FPGAs,"Yousaf Zafar, Jihan Park, Dongsoo Har",,2010 IEEE International Conference on Industrial Technology,,2010,https://ieeexplore.ieee.org/abstract/document/5472570/,
,SLM-based OFDM system without side information for data recovery,"E Hong, S Min, Dongsoo Har",Electronics letters,,,2010,https://search.proquest.com/openview/008ba06f3241ff74d0729161c0e2cb46/1?pq-origsite=gscholar&cbl=1936364,
,Colour analysis on portable sphere for custom white balance with multiple illuminations,"V Maik, D Cho, D Har, J Paik",Electronics letters,,,2010,https://digital-library.theiet.org/content/journals/10.1049/el.2010.2512,
,Peak-to-average power ratio reduction in OFDM systems using all-pass filters,"Eonpyo Hong, Dongsoo Har",IEEE transactions on Broadcasting,,,2009,https://ieeexplore.ieee.org/abstract/document/5345682/,
,Parallel Parity Checksum and Syndrome Generation for Digital Video and Audio Transmission over Cable Channel,"Eonpyo Hong, Eungu Jung, Junhee Hong, Jaewon Yim, Dongsoo Har",IEICE transactions on information and systems,,,2009,https://search.ieice.org/bin/summary.php?id=e92-d_7_1435,
,Space-time block coding system combined with local polynomial approximation based beamformer,"DS Har, SH Hwang",,,US Patent,2009,https://patents.google.com/patent/US7555050B2/en,
,Exploration of Power-Delay Trade-Offs with Heterogeneous Adders by Integer Linear Programming,"Sanghoon Kwak, Jeong-Gun Lee, Eun-Gu Jung, Dongsoo Har, Milos D Ercegovac, Jeong-A Lee","Journal of Circuits, Systems, and Computers",,,2009,https://www.worldscientific.com/doi/abs/10.1142/S0218126609005368,
,Montgomery multiplier for RSA security module,"DS Har, DW Lee",,,US Patent,2009,https://patents.google.com/patent/US7519643B2/en,
,Design of asynchronous msp430 microprocessor using balsa back-end retargeting,"Sanghoon Kwak, Hyung-Woo Lee, Yousaf Zafar, Myeong-Hoon Oh, Dongsoo Har",,2009 5th Southern Conference on Programmable Logic (SPL),,2009,https://ieeexplore.ieee.org/abstract/document/4914891/,
,Data transmission apparatus using asynchronous dual-rail bus and method therefor,"BS Choi, DS Har",,,US Patent,2009,https://patents.google.com/patent/US7512190B2/en,
,Carrier frequency synchronization based on pulse-pair method for 8-VSB DTV systems,"Hyunju Kim, Eonpyo Hong, Seungwook Min, Dongsoo Har",,2009 IEEE Sarnoff Symposium,,2009,https://ieeexplore.ieee.org/abstract/document/4850297/,
,Merged SLM scheme for PAPR reduction of OFDM system with low complexity,"Sung-Ho Park, Jong-Yeop Lee, Eon-Pyo Hong, Seung-Wook Min, Dong-Soo Har",,2009 IEEE Sarnoff Symposium,,2009,https://ieeexplore.ieee.org/abstract/document/4850292/,
,Parallel processing architecture for parity checksum generator complying with ITU-T J. 83 ANNEX B,"Jong-Yeop Lee, Eon-Pyo Hong, Dong-Soo Har, Hai-Jeong Lim",The Journal of Korean Institute of Communications and Information Sciences,,,2009,https://koreascience.kr/article/JAKO200921752338389.page,
,A Novel Countermeasure to Resist Side Channel Attacks on FPGA Implementations,"Y Zafar, D Har",International Journal On Advances in Security,,,2009,http://www0.cs.ucl.ac.uk/staff/S.Gallacher/papers/User%20preferences%20to%20support%20privacy%20policy%20handling%20in%20pervasive-ubiquitous%20systems.pdf#page=9,
,Asynchronous switch based on butterfly fat-tree for network on chip application,"MC Kang, EG Jung, DS Har",,,US Patent,2008,https://patents.google.com/patent/US7467358B2/en,
,Design of Heterogeneous Adders Based on Power-Delay Tradeoffs,"Sanghoon Kwak, Dongsoo Har, Jeong-Gun Lee, Jeong-A Lee",,2008 Fifth IEEE International Symposium on Embedded Computing,,2008,https://ieeexplore.ieee.org/abstract/document/4690752/,
,A novel countermeasure enhancing side channel immunity in FPGAs,"Y Zafar, D Har",,2008 International Conference on Advances in Electronics and Micro-electronics,,2008,https://ieeexplore.ieee.org/abstract/document/4641250/,
,A novel hardware architecture of intra-predictor generator for H. 264/AVC Codec,"Sanghoon Kwak, Jinwook Kim, Dongsoo Har",IEICE transactions on information and systems,,,2008,https://search.ieice.org/bin/summary.php?id=e91-d_7_2083,
,Synthesis of Area-Efficient Delay-Insensitive Asynchronous Circuit Using BALSA,"Sanghoon Kwak, Hyung-Woo Lee, Gyudong Choi, Myeng-hoon Oh, Sungnam Kim, Sungwoon Kim, Dongsoo Har",IEIE conference,,,2008,https://scholar.google.com/scholar?cluster=17259829428870189903&hl=en&oi=scholarr,
,Intellectual property module for system-on-chip,"FA Mujahid, DS Har",,,US Patent,2007,https://patents.google.com/patent/US7313672B2/en,
,Delay-insensitive data transfer circuit using current-mode multiple-valued logic,"DS Har, MH Oh",,,US Patent,2007,https://patents.google.com/patent/US7282946B2/en,
,A novel parallel parity checksum generator complying with ITU-T J. 83 annex B,"Eonpyo Hong, Eungu Jung, Dongsoo Har, Jaewon Yim","Proceedings of the Fifth IASTED International Conference on Circuits, Signals, and Systems",,,2007,https://www.actapress.com/Abstract.aspx?paperId=30888,
,Fast Quater-Pel Motion Estimation by Adaptive Searching Point Selection,"Sanghoon Kwak, Hyunsup Shin, Dongsoo Har","ITC-CSCC: International Technical Conference on Circuits Systems, Computers and Communications",,,2007,https://www.dbpia.co.kr/Journal/articleDetail?nodeId=NODE01599943,
,Optimum Reference Power in Automatic Gain Control Circuitry for OFDM Receivers,"Eonpyo Hong, Hyunsoo Yoon, Dongsoo Har","ITC-CSCC: International Technical Conference on Circuits Systems, Computers and Communications",,,2007,https://www.dbpia.co.kr/Journal/articleDetail?nodeId=NODE01599568,
,Implementation of High Performance Intra Predictor in H. 264,"Jinwook Kim, Eungu Jung, Eonpyo Hong, Sanghoon Kwak, Dongsoo Har",XIII Workshop IBERCHIP,,,2007,http://161.111.232.132/iberchip2007/articulos/6/a/poster/1--dbjinuk-Implementation_High_Performance_Intra_Predictor_H-264.pdf,
,Asynchronous layered interface of multimedia socs for multiple outstanding transactions,"Eun-Gu Jung, Jeong-Gun Lee, Kyoung-Son Jhang, Jeong-A Lee, Dongsoo Har","The Journal of VLSI Signal Processing Systems for Signal, Image, and Video Technology",,,2007,https://link.springer.com/article/10.1007/s11265-006-0019-4,
,Data transmitting circuit and method based on differential value data encoding,"EG Jung, JG Lee, DS Har",,,US Patent,2007,https://patents.google.com/patent/US7170431B2/en,
,Improvement of TINYOS implementation for small memory FPGA system,"Ieryung Park, Hosoon Shin, Jihan Park, Eungu Jung, Dongsoo Har","XIII-IBERCHIP Workshop, IWS",,,2007,http://161.111.232.132/iberchip2007/articulos/2/a/poster/1--pleastop-Ieryung%20Park-IMPROVEMENT_TINYOS_IMPLEMENTATION.pdf,
,Implementation of high performance CAVLC for H. 264/AVC video codec,"Daeok Kim, Eungu Jung, Hyunho Park, Hosoon Shin, Dongsoo Har",,2006 6th International Workshop on System on Chip for Real Time Applications,,2006,https://ieeexplore.ieee.org/abstract/document/4155253/,
,Integer transforming device for moving-picture encoder,"EP Hong, DS Har, JA Lee, HS Shin",,,US Patent,2006,https://patents.google.com/patent/US20060259536A1/en,
,Implementation of High Data Rate Stream Parsing with Data Aligning Mechanism,"Todor Mladenov Mladenov, Fahad Ali Mujahid, Eungu Jung, Dongsoo Har",,2006 IEEE International Symposium on Signal Processing and Information Technology,,2006,https://ieeexplore.ieee.org/abstract/document/4042331/,
,"Bandwidth, Area Efficient and Target Device Independent DDR SDRAM Controller","T Mladenov, F Mujahid, E Jung, D Har","Proceedings of World Academy of Science, Engineering and Technology",,,2006,https://citeseerx.ist.psu.edu/document?repid=rep1&type=pdf&doi=f5b544d4869817bff57c91c4c92d8ac72f54b980,
,Asynchronous multiple-issue on-chip bus with in-order/out-of-order completion,"Eun-Gu Jung, Jeong-Gun Lee, Sang-Hoon Kwak, Kyoung-Son Jhang, Jeong-A Lee, Dong-Soo Har",IEICE transactions on electronics,,,2005,https://search.ieice.org/bin/summary.php?id=e88-c_12_2395,
,Asynchronous reorder buffer for asynchronous on-chip bus,"Eun-Gu Jung, Dong-Soo Har",IEICE transactions on electronics,,,2005,https://search.ieice.org/bin/summary.php?id=e88-c_12_2391,
,A new hybrid beamforming/space-time block coding technique for a moving source,"S Hwang, Kiseon Kim, Dongsoo Har",,2005 2nd International Symposium on Wireless Communication Systems,,2005,https://ieeexplore.ieee.org/abstract/document/1547735/,
,Implementation of asynchronous reorder buffer for asynchronous on-chip bus,"Eun-Gu Jung, Jeong-Gun Lee, Hamza Fraz, Kyoung-Son Jhang, Jeong-A Lee, Dong-Soo Har",,"International Symposium on Signals, Circuits and Systems, 2005. ISSCS 2005.",,2005,https://ieeexplore.ieee.org/abstract/document/1511355/,
,Parallel 4x4 transform architecture based on bit extended arithmetic for H. 264/AVC,"Eon-Pyo Hong, Eun-Gu Jung, Hamza Fraz, Dong-Soo Har",,"International Symposium on Signals, Circuits and Systems, 2005. ISSCS 2005.",,2005,https://ieeexplore.ieee.org/abstract/document/1509859/,
,Reconfigurable Co-synthesis System Architecture,"Ji-han Park, Sang-hoon Kwak, Jeong-Gun Lee, Jeong-A Lee, Dong-soo Har","ITC-CSCC: International Technical Conference on Circuits Systems, Computers and Communications",,,2005,https://www.dbpia.co.kr/Journal/articleDetail?nodeId=NODE01736382,
,Differential value encoding for delay insensitive handshake protocol,"Eun-Gu Jung, Jeong-Gun Lee, Kyoung-Sun Jhang, Dong-Soo Har",IEICE transactions on information and systems,,,2005,https://search.ieice.org/bin/summary.php?id=e88-d_7_1437,
,Asynchronous Reorder Buffer for Multiple Outstanding Transactions on Asynchronous On-Chip Bus,"Eun-Gu Jung, Kyoung-Sun Jhang, Jeong-A Lee, Dong-Soo Har","ITC-CSCC: International Technical Conference on Circuits Systems, Computers and Communications",,,2005,https://www.dbpia.co.kr/Journal/articleDetail?nodeId=NODE01736381,
,Low delay-power product current-mode multiple valued logic for delay-insensitive data transfer mechanism,"Myeong-Hoon Oh, Dong-Soo Har","IEICE Transactions on Fundamentals of Electronics, Communications and Computer Sciences",,,2005,https://search.ieice.org/bin/summary.php?id=e88-a_5_1379,
,Low delay-power product current-mode multiple valued logic for delay-insensitive data transfer mechanism,HAR Dong-Soo OH Myeong-Hoon,"IEICE TRANSACTIONS on Fundamentals of Electronics, Communications and Computer Sciences",,,2005,https://search.ieice.org/bin/summary.php?id=e88-a_5_1379,
,High performance asynchronous on-chip bus with multiple issue and out-of-order/in-order completion,"E-G Jung, J-G Lee, S-H Kwak, K-S Jhang, J-A Lee, D-S Har",,Proceedings of the 15th ACM Great Lakes symposium on VLSI,,2005,https://dl.acm.org/doi/abs/10.1145/1057661.1057698,
,Special Section on Cryptography and Information Security-LETTERS-An Area Efficient Approach to Design Self-Timed Cryptosystems Combatting DPA Attack,"Dong-Wook Lee, Dong-Soo Har",IEICE Transactions on Fundamentals Electronics Communications and Computer Sciences,,,2005,https://scholar.google.com/scholar?cluster=12521591774483814117&hl=en&oi=scholarr,
,Design of Low Powered Delay Insensitive Data Transfers based on Current-Mode Multiple Valued Logic,"Myeong-Hoon Oh, Chi-Hoon Shin, Dong-Soo Har",Proceedings of the IEEK Conference,,,2005,https://koreascience.kr/article/CFKO200533239334912.page,
,Special Section on Recent Advances in Circuits and Systems--Part 1-Communications and Wireless Systems-Differential Value Encoding for Delay Insensitive Handshake Protocol,"Eun-Gu Jung, Jeong-Gun Lee, Kyoung-Sun Jhang, Dong-Soo Har",IEICE Transactions on Information and Systems,,,2005,https://scholar.google.com/scholar?cluster=8885343063141973477&hl=en&oi=scholarr,
,Design of an asynchronous switch based on butterfly fat-tree for network-on-chip applications,"Min-Chang Kang, Eun-Gu Jung, Dong-Soo Har",,"Advances in Multimedia Information Processing-PCM 2005: 6th Pacific Rim Conference on Multimedia, Jeju Island, Korea, November 13-16, 2005, Proceedings, Part II 6",,2005,https://link.springer.com/chapter/10.1007/11582267_47,
,An area efficient approach to design self-timed cryptosystems combatting DPA attack,"Dong-Wook Lee, Dong-Soo Har","IEICE transactions on fundamentals of electronics, communications and computer sciences",,,2005,https://search.ieice.org/bin/summary.php?id=e88-a_1_331,
,Self-timed interconnect with layered interface based on distributed and modularized control for multimedia SoCs,"Eun-Gu Jung, Eon-Pyo Hong, Kyoung-Son Jhang, Jeong-A Lee, Dong-Soo Har",,"Advances in Multimedia Information Processing-PCM 2005: 6th Pacific Rim Conference on Multimedia, Jeju Island, Korea, November 13-16, 2005, Proceedings, Part I 6",,2005,https://link.springer.com/chapter/10.1007/11581772_44,
,High speed JPEG coder based on modularized and pipelined architecture with distributed control,"Fahad Ali Mujahid, Eun-Gu Jung, Dong-Soo Har, Jun-Hee Hong, Hoi-Jeong Lim",,"Advances in Multimedia Information Processing-PCM 2005: 6th Pacific Rim Conference on Multimedia, Jeju Island, Korea, November 13-16, 2005, Proceedings, Part I 6",,2005,https://link.springer.com/chapter/10.1007/11581772_41,
,An area efficient approach to design self-timed cryptosystems combatting DPA attack,"Dong-Wook Lee, Dong-Soo Har","IEICE transactions on fundamentals of electronics, communications and computer sciences",,,2005,https://search.ieice.org/bin/summary.php?id=e88-a_1_331,
,A novel mechanism for delay-insensitive data transfer based on current-mode multiple valued logic,"Myeong-Hoon Oh, Dong-Soo Har",,"International Workshop on Power and Timing Modeling, Optimization and Simulation",,2004,https://link.springer.com/chapter/10.1007/978-3-540-30205-6_71,
,A robust recursive least square algorithm against impulsive noise,"Seong-Joon Baek, Jinyoung Kim, Dae-Jin Kim, Dong-Soo Har, Kiseon Kim","IEICE transactions on fundamentals of electronics, communications and computer sciences",,,2004,https://search.ieice.org/bin/summary.php?id=e87-a_9_2463,
,Differential value encoding for two-phase 1-of-N delay insensitive handshake protocol in GALS systems,"Eun-Gu Jung, Jeong-Gun Lee, Dong-Soo Har, Kyoung-Sun Jhang",,"The 2004 47th Midwest Symposium on Circuits and Systems, 2004. MWSCAS'04.",,2004,https://ieeexplore.ieee.org/abstract/document/1354141/,
,Apparatus and method for editable personalized ring back tone service,"K Choe, D Har",,,US Patent,2004,https://patents.google.com/patent/US20040114732A1/en,
,Session 2B-Power and Energy Management-High Performance Microprocessor Design Methods Exploiting Information Locality and Data Redundancy for Lower Area Cost and Power Consumption,"Byung-Soo Choi, Jeong-A Lee, Dong-Soo Har",Lecture Notes in Computer Science,,,2004,https://scholar.google.com/scholar?cluster=8167717533056523047&hl=en&oi=scholarr,
,Session 12-Digital Design (Poster)-A Novel Mechanism for Delay-Insensitive Data Transfer Based on Current-Mode Multiple Valued Logic,"Myeong-Hoon Oh, Dong-Soo Har",Lecture Notes in Computer Science,,,2004,https://scholar.google.com/scholar?cluster=8553488059595683579&hl=en&oi=scholarr,
,High performance microprocessor design methods exploiting information locality and data redundancy for lower area cost and power consumption,"Byung-Soo Choi, Jeong-A Lee, Dong-Soo Har",,"Advances in Computer Systems Architecture: 9th Asia-Pacific Conference, ACSAC 2004, Beijing, China, September 7-9, 2004. Proceedings 9",,2004,https://link.springer.com/chapter/10.1007/978-3-540-30102-8_15,
,Radio Propagation Measurementsand Path Loss Formulas for Microcellular Systems,Dong-Soo Har,The Journal of Korean Institute of Communications and Information Sciences,,,2003,https://koreascience.kr/article/JAKO200315875830361.page,
,Propagation Models for Wireless Local Loops,"Dongsoo Har, Howard H Xia",Wireless Local Loops: Theory and Applications,,,2001,https://onlinelibrary.wiley.com/doi/abs/10.1002/0470841877.ch2,
,Effect of anisotropic propagation modeling on microcellular system design,"Dongsoo Har, Henry L Bertoni",IEEE transactions on vehicular technology,,,2000,https://ieeexplore.ieee.org/abstract/document/875247/,
,Propagation modelling for wireless local loop channel,"Dongsoo Har, Ce Xu, Howard H Xia",International Journal of Communication Systems,,,2000,https://onlinelibrary.wiley.com/doi/abs/10.1002/1099-1131(200005)13:3%3C231::AID-DAC428%3E3.0.CO;2-Q,
,Comment on diffraction loss of rooftop-to-street in COST 231-Walfisch-Ikegami model,"Dongsoo Har, Alix M Watson, Anthony G Chadney",IEEE Transactions on Vehicular Technology,,,1999,https://ieeexplore.ieee.org/abstract/document/790519/,
,Path-loss prediction model for microcells,"Dongsoo Har, Howard H Xia, Henry L Bertoni",IEEE Transactions on Vehicular Technology,,,1999,https://ieeexplore.ieee.org/abstract/document/790520/,
,Path loss formulas for PCS microcells based on environmental parameters,"Dongsoo Har, HH Xia, HL Bertoni",,Proceedings of ICUPC-5th International Conference on Universal Personal Communications,,1996,https://ieeexplore.ieee.org/abstract/document/562693/,
,Effect of the local propagation model on LOS microcellular system design,"Dongsoo Har, Henry L Bertoni",,Proceedings of IEEE INFOCOM'96. Conference on Computer Communications,,1996,https://ieeexplore.ieee.org/abstract/document/493311/,
